Score Area,Percentage,Runs,Wagon
Third man,0.022857143,4,1
Point,0.028571429,5,2
Cover,0.171428571,30,3
Long off,0.228571429,40,4
Long on,0.2,35,5
Mid wicket,0.257142857,45,6
Square leg,0.057142857,10,7
Fine leg,0.034285714,6,8